{
  "model": "Logistic Regression",
  "train_accuracy": 0.968213058419244,
  "train_f1_macro": 0.9680498448717247,
  "test_accuracy": 0.797945205479452,
  "test_f1_macro": 0.7963862295503582,
  "confusion_matrix": [
    [
      83,
      14,
      0
    ],
    [
      18,
      65,
      13
    ],
    [
      0,
      14,
      85
    ]
  ],
  "f1_per_class": [
    0.8383838383838383,
    0.6878306878306878,
    0.8629441624365483
  ]
}